"Team_Name","Enemy_Name","Result","Player_Name","Hero_Ban","Hero_Pick","Spell","Emblem","Talent1","Talent2","Talent3","Kill","Death","Assist","Damage_Dealt","Damage_Taken","Damage_Turret","Gold","Level","Partisipation","Player_Role"
"Geek Fam","RRQ Hoshi","Victory","Reyy","Claude","Ling","Retribution","Assasin","Fatal","Seasoned Hunter","Quantum Charge","4","0","10","29512","30466","3192","10540","15","0.78","Jungler"
"Geek Fam","RRQ Hoshi","Victory","Luke","Moskov","Barats","Flicker","Common","Agility","Tenacity","Brave Smite","1","0","13","23618","76514","594","7201","12","0.78","Explane"
"Geek Fam","RRQ Hoshi","Victory","Aboy","Angela","Faramis","Purify","Mage","Rupture","Wilderness Blessing","Quantum Charge","2","1","15","48185","40293","3997","7649","12","0.94","Midlane"
"Geek Fam","RRQ Hoshi","Victory","Baloyskie","Franco","Helcurt","Execute","Assasin","Rupture","Master Assasin","Lethal Ignition","6","2","4","27795","39370","6162","6933","12","0.56","Roamer"
"Geek Fam","RRQ Hoshi","Victory","Caderaa","Natan","Harith","Purify","Mage","Inspire","Bargain Hunter","Impure Rage","5","1","11","56072","28590","24879","9159","13","0.89","Goldlane"
"RRQ Hoshi","Geek Fam","Defeat","Vyn","Floryn","Minotaur","Flicker","Tank","Firmness","Wilderness Blessing","Concussive Blast","0","5","3","12750","64067","0","4246","10","0.75","Roamer"
"RRQ Hoshi","Geek Fam","Defeat","Clayyy","Luo Yi","Valentina","Flicker","Mage","Inspire","Wilderness Blessing","Quantum Charge","0","3","4","23804","51091","0","4631","10","1","Midlane"
"RRQ Hoshi","Geek Fam","Defeat","Skylar","Chip","Roger","Flicker","Assasin","Thrill","Master Assasin","Quantum Charge","2","2","0","15503","36655","175","6093","11","0.5","Goldlane"
"RRQ Hoshi","Geek Fam","Defeat","Donn","Fredrinn","Esmeralda","Purify","Support","Inspire","Wilderness Blessing","Impure Rage","0","3","2","32361","83104","0","5126","10","0.5","Explane"
"RRQ Hoshi","Geek Fam","Defeat","1rrad","Xborg","Baxia","Retribution","Tank","Firmness","Seasoned Hunter","Concussive Blast","2","5","1","18400","97319","0","4871","10","0.75","Jungler"
"Geek Fam","RRQ Hoshi","Victory","Reyy","Natan","Baxia","Retribution","Tank","Vitality","Seasoned Hunter","Concussive Blast","2","2","7","23978","100989","595","9158","15","0.6","Jungler"
"Geek Fam","RRQ Hoshi","Victory","Luke","Kaja","Ruby","Flicker","Fighter","Firmness","Festival of Blood","Brave Smite","1","0","9","37653","84374","3414","9494","15","0.67","Explane"
"Geek Fam","RRQ Hoshi","Victory","Aboy","Claude","Angela","Flicker","Mage","Inspire","Wilderness Blessing","Impure Rage","3","0","7","28550","35335","1899","9362","15","0.67","Midlane"
"Geek Fam","RRQ Hoshi","Victory","Baloyskie","Franco","Helcurt","Execute","Assasin","Rupture","Master Assasin","Lethal Ignition","7","2","5","49859","42306","6516","10019","15","0.8","Roamer"
"Geek Fam","RRQ Hoshi","Victory","Caderaa","Moskov","Harith","Purify","Mage","Inspire","Bargain Hunter","Impure Rage","2","1","7","58655","54740","20269","10916","15","0.6","Goldlane"
"RRQ Hoshi","Geek Fam","Defeat","Vyn","Yu Zhong","Mathilda","Flicker","Support","Inspire","Wilderness Blessing","Quantum Charge","2","2","3","24140","53280","676","7843","13","1","Roamer"
"RRQ Hoshi","Geek Fam","Defeat","Clayyy","Faramis","Luo Yi","Flicker","Mage","Rupture","Wilderness Blessing","Lethal Ignition","2","3","3","57285","51650","0","7839","13","1","Midlane"
"RRQ Hoshi","Geek Fam","Defeat","Skylar","Barats","Karrie","Flicker","Common","Firmness","Tenacity","Quantum Charge","0","2","3","17618","51520","8781","10455","15","0.6","Goldlane"
"RRQ Hoshi","Geek Fam","Defeat","Donn","Novaria","Thamuz","Vengeance","Fighter","Thrill","Festival of Blood","Brave Smite","1","5","2","29804","107163","0","8166","14","0.6","Explane"
"RRQ Hoshi","Geek Fam","Defeat","1rrad","Chip","Fredrinn","Retribution","Tank","Thrill","Seasoned Hunter","Concussive Blast","0","3","3","33132","113436","0","7953","14","0.6","Jungler"
"Geek Fam","RRQ Hoshi","Defeat","Reyy","Claude","Barats","Retribution","Tank","Thrill","Seasoned Hunter","Concussive Blast","1","2","5","35704","157654","0","9201","15","0.4","Jungler"
"Geek Fam","RRQ Hoshi","Defeat","Luke","Xborg","Yu Zhong","Petrify","Fighter","Rupture","Festival of Blood","Quantum Charge","3","5","3","44568","114057","0","8831","15","0.4","Explane"
"Geek Fam","RRQ Hoshi","Defeat","Aboy","Harith","Luo Yi","Flicker","Mage","Rupture","Wilderness Blessing","Lethal Ignition","5","3","4","56420","75910","900","9197","15","0.6","Midlane"
"Geek Fam","RRQ Hoshi","Defeat","Baloyskie","Masha","Mathilda","Flicker","Support","Inspire","Wilderness Blessing","Quantum Charge","2","4","11","29457","106464","978","8860","15","0.87","Roamer"
"Geek Fam","RRQ Hoshi","Defeat","Caderaa","Moskov","Natan","Purify","Mage","Thrill","Bargain Hunter","Quantum Charge","4","5","3","58614","73359","12252","13514","15","0.47","Goldlane"
"RRQ Hoshi","Geek Fam","Victory","Vyn","Helcurt","Chip","Flicker","Tank","Vitality","Wilderness Blessing","Concussive Blast","2","6","10","35082","146990","38","9666","15","0.63","Roamer"
"RRQ Hoshi","Geek Fam","Victory","Clayyy","Minotaur","Vexana","Flicker","Mage","Rupture","Bargain Hunter","Impure Rage","5","4","7","54695","31798","4654","10646","15","0.63","Midlane"
"RRQ Hoshi","Geek Fam","Victory","Skylar","Faramis","Roger","Flicker","Assasin","Thrill","Master Assasin","Weakness Finder","6","0","10","52996","50922","14855","14123","15","0.84","Goldlane"
"RRQ Hoshi","Geek Fam","Victory","Donn","Floryn","Esmeralda","Purify","Support","Inspire","Tenacity","Impure Rage","5","2","5","77370","196818","4117","12576","15","0.53","Explane"
"RRQ Hoshi","Geek Fam","Victory","1rrad","Angela","Fredrinn","Retribution","Tank","Thrill","Seasoned Hunter","Concussive Blast","1","3","8","34206","102486","263","10663","15","0.47","Jungler"
"Geek Fam","RRQ Hoshi","Defeat","Reyy","Terizla","Baxia","Retribution","Tank","Vitality","Seasoned Hunter","Concussive Blast","7","3","13","42127","170198","0","9831","15","0.95","Jungler"
"Geek Fam","RRQ Hoshi","Defeat","Luke","Natan","Lapu-Lapu","Flicker","Fighter","Rupture","Festival of Blood","Brave Smite","3","4","12","49838","128533","363","10600","15","0.71","Explane"
"Geek Fam","RRQ Hoshi","Defeat","Aboy","Claude","Faramis","Purify","Mage","Rupture","Wilderness Blessing","Quantum Charge","2","7","18","89797","95834","3046","10934","15","0.95","Midlane"
"Geek Fam","RRQ Hoshi","Defeat","Baloyskie","Xborg","Franco","Flicker","Support","Inspire","Wilderness Blessing","Focusing Mark","2","5","15","15752","118654","745","8745","15","0.81","Roamer"
"Geek Fam","RRQ Hoshi","Defeat","Caderaa","Moskov","Karrie","Purify","Common","Firmness","Tenacity","Quantum Charge","7","4","6","69603","77003","6643","13684","15","0.62","Goldlane"
"RRQ Hoshi","Geek Fam","Victory","Vyn","Floryn","Minotaur","Flicker","Tank","Firmness","Wilderness Blessing","Concussive Blast","1","7","19","24267","137959","1294","10600","15","0.87","Roamer"
"RRQ Hoshi","Geek Fam","Victory","Clayyy","Harith","Luo Yi","Flicker","Mage","Rupture","Wilderness Blessing","Lethal Ignition","9","2","14","114415","54044","4091","12264","15","1","Midlane"
"RRQ Hoshi","Geek Fam","Victory","Skylar","Helcurt","Roger","Flicker","Assasin","Thrill","Master Assasin","Quantum Charge","7","2","7","59895","69160","11653","16099","15","0.61","Goldlane"
"RRQ Hoshi","Geek Fam","Victory","Donn","Angela","Arlott","Flicker","Common","Thrill","Festival of Blood","Brave Smite","0","8","10","26881","98532","2891","10498","15","0.43","Explane"
"RRQ Hoshi","Geek Fam","Victory","1rrad","Chip","Fredrinn","Retribution","Tank","Thrill","Seasoned Hunter","Concussive Blast","6","2","9","54023","151360","522","12186","15","0.65","Jungler"
"Geek Fam","RRQ Hoshi","Victory","Reyy","Natan","Fredrinn","Retribution","Tank","Inspire","Seasoned Hunter","Concussive Blast","4","3","7","23927","107827","222","11347","15","0.79","Jungler"
"Geek Fam","RRQ Hoshi","Victory","Luke","Moskov","Ruby","Flicker","Fighter","Firmness","Festival of Blood","Brave Smite","1","0","12","47202","94473","5082","13720","15","0.93","Explane"
"Geek Fam","RRQ Hoshi","Victory","Aboy","Claude","Vexana","Flicker","Mage","Rupture","Wilderness Blessing","Impure Rage","4","3","8","64431","35948","3382","13893","15","0.86","Midlane"
"Geek Fam","RRQ Hoshi","Victory","Baloyskie","Xborg","Floryn","Flicker","Support","Agility","Bargain Hunter","Focusing Mark","2","2","10","14399","39611","352","11049","15","0.86","Roamer"
"Geek Fam","RRQ Hoshi","Victory","Caderaa","Ling","Karrie","Purify","Common","Firmness","Tenacity","Quantum Charge","3","2","7","70532","54030","11979","15968","15","0.71","Goldlane"
"RRQ Hoshi","Geek Fam","Defeat","Vyn","Faramis","Arlott","Flicker","Tank","Firmness","Wilderness Blessing","Brave Smite","2","5","6","30467","123130","180","10704","15","0.8","Roamer"
"RRQ Hoshi","Geek Fam","Defeat","Clayyy","Helcurt","Luo Yi","Flicker","Mage","Rupture","Wilderness Blessing","Lethal Ignition","1","2","4","75709","48291","1583","10976","15","0.5","Midlane"
"RRQ Hoshi","Geek Fam","Defeat","Skylar","Chip","Roger","Flicker","Assasin","Thrill","Master Assasin","Quantum Charge","5","1","3","40718","59830","23026","16633","15","0.8","Goldlane"
"RRQ Hoshi","Geek Fam","Defeat","Donn","Valentina","Yu Zhong","Petrify","Fighter","Rupture","Festival of Blood","Quantum Charge","1","3","7","25818","87731","2631","11032","15","0.8","Explane"
"RRQ Hoshi","Geek Fam","Defeat","1rrad","Harith","Akai","Retribution","Tank","Thrill","Seasoned Hunter","Concussive Blast","1","3","4","18172","114206","1226","10680","15","0.5","Jungler"
"Liquid Aura","Evos Glory","Defeat","Yehezkiel","Xborg","Novaria","Purify","Mage","Rupture","Wilderness Blessing","Impure Rage","2","1","15","186209","26583","1434","17571","15","0.94","Midlane"
"Liquid Aura","Evos Glory","Defeat","Aran","Franco","Benedetta","Petrify","Fighter","Rupture","Festival of Blood","Lethal Ignition","6","5","6","81467","132404","3366","22208","15","0.67","Explane"
"Liquid Aura","Evos Glory","Defeat","Gugunnn","Ling","Baxia","Retribution","Tank","Firmness","Seasoned Hunter","Concussive Blast","1","6","15","51170","245431","0","14929","15","0.89","Jungler"
"Liquid Aura","Evos Glory","Defeat","Yawi","Alpha","Grock","Flicker","Common","Agility","Wilderness Blessing","Quantum Charge","0","4","15","27545","203617","0","14072","15","0.83","Roamer"
"Liquid Aura","Evos Glory","Defeat","Kabuki","Kaja","Karrie","Purify","Common","Firmness","Tenacity","Quantum Charge","9","0","4","132452","67163","16025","19841","15","0.5","Goldlane"
"Evos Glory","Liquid Aura","Victory","Clawkun","Natan","Luo Yi","Flicker","Mage","Rupture","Wilderness Blessing","Lethal Ignition","4","3","11","133413","78391","1632","16864","15","0.75","Midlane"
"Evos Glory","Liquid Aura","Victory","Fluffy","Claude","Yu Zhong","Petrify","Fighter","Agility","Festival of Blood","Quantum Charge","5","2","7","35374","189351","3651","20176","15","0.6","Explane"
"Evos Glory","Liquid Aura","Victory","Branz","Fredrinn","Roger","Purify","Assasin","Thrill","Master Assasin","Quantum Charge","10","4","6","130103","118383","9999","25905","15","0.8","Goldlane"
"Evos Glory","Liquid Aura","Victory","Dreams","Harith","Tigreal","Flicker","Tank","Vitality","Tenacity","Concussive Blast","0","5","13","18668","287050","620","15973","15","0.65","Roamer"
"Evos Glory","Liquid Aura","Victory","Anavel","Moskov","Akai","Retribution","Tank","Thrill","Seasoned Hunter","Concussive Blast","1","4","7","26490","253377","651","16753","15","0.4","Jungler"
"Liquid Aura","Evos Glory","Defeat","Yehezkiel","Kaja","Vexana","Flicker","Mage","Inspire","Wilderness Blessing","Impure Rage","2","1","8","59173","27491","334","7985","14","0.91","Midlane"
"Liquid Aura","Evos Glory","Defeat","Aran","Ling","Cici","Purify","Fighter","Agility","Festival of Blood","Brave Smite","4","1","3","50822","72242","142","8646","14","0.64","Explane"
"Liquid Aura","Evos Glory","Defeat","Gugunnn","Carmilla","Baxia","Retribution","Tank","Thrill","Seasoned Hunter","Concussive Blast","1","4","8","22231","95402","0","7645","15","0.82","Jungler"
"Liquid Aura","Evos Glory","Defeat","Yawi","Xborg","Grock","Flicker","Common","Agility","Wilderness Blessing","Quantum Charge","0","4","6","9132","93945","0","6435","13","0.55","Roamer"
"Liquid Aura","Evos Glory","Defeat","Kabuki","Yu Zhong","Claude","Purify","Common","Agility","Tenacity","Quantum Charge","4","0","1","54244","36607","3909","11471","15","0.45","Goldlane"
"Evos Glory","Liquid Aura","Victory","Clawkun","Fredrinn","Luo Yi","Flicker","Mage","Rupture","Wilderness Blessing","Lethal Ignition","2","3","6","47513","40132","4473","7813","14","0.8","Midlane"
"Evos Glory","Liquid Aura","Victory","Fluffy","Moskov","Terizla","Flicker","Fighter","Agility","Festival of Blood","Brave Smite","0","1","6","34747","125683","2008","9239","15","0.6","Explane"
"Evos Glory","Liquid Aura","Victory","Branz","Novaria","Roger","Purify","Assasin","Thrill","Master Assasin","Weakness Finder","5","0","2","50126","41329","14568","13497","15","0.7","Goldlane"
"Evos Glory","Liquid Aura","Victory","Dreams","Harith","Minotaur","Flicker","Tank","Inspire","Tenacity","Concussive Blast","0","4","8","12391","88890","2663","7733","13","0.8","Roamer"
"Evos Glory","Liquid Aura","Victory","Anavel","Benedetta","Alpha","Retribution","Fighter","Thrill","Seasoned Hunter","Quantum Charge","3","3","3","38940","82547","9809","11099","15","0.6","Jungler"
"Liquid Aura","Evos Glory","Defeat","Yehezkiel","Xborg","Novaria","Flicker","Mage","Rupture","Wilderness Blessing","Impure Rage","0","1","1","20601","8670","0","5501","11","0.25","Midlane"
"Liquid Aura","Evos Glory","Defeat","Aran","Ling","Cici","Purify","Fighter","Agility","Festival of Blood","Brave Smite","0","3","2","13094","36434","0","6118","12","0.5","Explane"
"Liquid Aura","Evos Glory","Defeat","Gugunnn","Akai","Baxia","Retribution","Tank","Firmness","Seasoned Hunter","Concussive Blast","0","1","2","11759","66135","0","4809","11","0.5","Jungler"
"Liquid Aura","Evos Glory","Defeat","Yawi","Carmilla","Grock","Flicker","Common","Agility","Wilderness Blessing","Quantum Charge","0","1","3","9424","58800","0","4537","10","0.75","Roamer"
"Liquid Aura","Evos Glory","Defeat","Kabuki","Alpha","Roger","Purify","Assasin","Thrill","Master Assasin","Weakness Finder","4","3","0","20059","41824","0","7948","12","1","Goldlane"
"Evos Glory","Liquid Aura","Victory","Clawkun","Benedetta","Luo Yi","Flicker","Mage","Rupture","Wilderness Blessing","Lethal Ignition","0","1","5","29603","18792","0","6265","12","0.56","Midlane"
"Evos Glory","Liquid Aura","Victory","Fluffy","Moskov","Yu Zhong","Petrify","Fighter","Agility","Festival of Blood","Quantum Charge","1","0","2","24296","25127","4516","7331","13","0.33","Explane"
"Evos Glory","Liquid Aura","Victory","Branz","Chou","Claude","Purify","Common","Agility","Tenacity","Quantum Charge","2","0","1","23903","14293","23028","10479","14","0.33","Goldlane"
"Evos Glory","Liquid Aura","Victory","Dreams","Fredrinn","Tigreal","Flicker","Tank","Vitality","Tenacity","Concussive Blast","1","3","3","11751","47773","0","5640","11","0.44","Roamer"
"Evos Glory","Liquid Aura","Victory","Anavel","Harith","Nolan","Retribution","Assasin","Rupture","Seasoned Hunter","Lethal Ignition","5","0","2","29074","15032","7869","11174","15","0.78","Jungler"
"Fnatic Onic","Geek Fam","Victory","Kairi","Mathilda","Baxia","Retribution","Tank","Firmness","Seasoned Hunter","Concussive Blast","5","2","10","22940","73301","1026","10408","15","0.75","Jungler"
"Fnatic Onic","Geek Fam","Victory","Sanz","Faramis","Kadita","Petrify","Mage","Rupture","Pull Yourself Together","Lethal Ignition","6","4","7","36144","48919","1365","9610","15","0.65","Midlane"
"Fnatic Onic","Geek Fam","Victory","Cw","Floryn","Moskov","Purify","Common","Swift","Tenacity","Quantum Charge","6","1","9","83620","35300","24947","15647","15","0.75","Goldlane"
"Fnatic Onic","Geek Fam","Victory","Kiboy","Yu Zhong","Chip","Flicker","Tank","Vitality","Wilderness Blessing","Concussive Blast","1","8","12","35643","119197","29","8523","15","0.65","Roamer"
"Fnatic Onic","Geek Fam","Victory","Lutpiii","Helcurt","Cici","Vengeance","Fighter","Thrill","Festival of Blood","Brave Smite","2","4","9","32879","74225","2386","11038","15","0.55","Explane"
"Geek Fam","Fnatic Onic","Defeat","Reyy","Paquito","Fredrinn","Retribution","Tank","Vitality","Seasoned Hunter","Concussive Blast","3","6","6","20997","101505","0","8721","15","0.47","Jungler"
"Geek Fam","Fnatic Onic","Defeat","Luke","Ling","Xborg","Flicker","Tank","Vitality","Festival of Blood","Impure Rage","4","2","7","56009","85261","0","10626","15","0.58","Explane"
"Geek Fam","Fnatic Onic","Defeat","Aboy","Akai","Luo Yi","Purify","Mage","Rupture","Wilderness Blessing","Lethal Ignition","2","4","14","42560","62424","0","9614","15","0.84","Midlane"
"Geek Fam","Fnatic Onic","Defeat","Baloyskie","Pharsa","Ruby","Flicker","Tank","Firmness","Pull Yourself Together","Concussive Blast","3","4","10","16158","79326","0","8283","14","0.68","Roamer"
"Geek Fam","Fnatic Onic","Defeat","Caderaa","Harith","Natan","Purify","Mage","Thrill","Tenacity","Quantum Charge","7","4","5","55343","45036","2777","12789","15","0.63","Goldlane"
"Fnatic Onic","Geek Fam","Defeat","Kairi","Mathilda","Baxia","Retribution","Tank","Firmness","Seasoned Hunter","Concussive Blast","3","2","13","39591","221057","0","10600","15","0.84","Jungler"
"Fnatic Onic","Geek Fam","Defeat","Sanz","Floryn","Pharsa","Purify","Mage","Rupture","Wilderness Blessing","Lethal Ignition","2","2","11","56970","53275","0","10829","15","0.68","Midlane"
"Fnatic Onic","Geek Fam","Defeat","Cw","Helcurt","Roger","Purify","Assasin","Thrill","Master Assasin","Quantum Charge","12","2","3","76645","102493","7144","15987","15","0.79","Goldlane"
"Fnatic Onic","Geek Fam","Defeat","Kiboy","Luo Yi","Chip","Flicker","Tank","Vitality","Wilderness Blessing","Concussive Blast","0","7","13","43115","199187","0","8981","15","0.68","Roamer"
"Fnatic Onic","Geek Fam","Defeat","Lutpiii","Faramis","Benedetta","Petrify","Fighter","Thrill","Festival of Blood","Lethal Ignition","2","5","5","39250","127102","2190","11897","15","0.37","Explane"
"Geek Fam","Fnatic Onic","Victory","Reyy","Harith","Fredrinn","Retribution","Tank","Vitality","Seasoned Hunter","Concussive Blast","4","5","9","48051","176492","1009","11463","15","0.72","Jungler"
"Geek Fam","Fnatic Onic","Victory","Luke","Ling","Masha","Flicker","Assasin","Thrill","Master Assasin","Lethal Ignition","4","8","2","61367","77728","7935","12226","15","0.33","Explane"
"Geek Fam","Fnatic Onic","Victory","Aboy","Paquito","Novaria","Flicker","Mage","Rupture","Wilderness Blessing","Impure Rage","2","0","15","92605","14767","6299","14486","15","0.94","Midlane"
"Geek Fam","Fnatic Onic","Victory","Baloyskie","Terizla","Ruby","Flicker","Tank","Firmness","Pull Yourself Together","Concussive Blast","0","6","9","16530","127021","1588","9909","15","0.5","Roamer"
"Geek Fam","Fnatic Onic","Victory","Caderaa","Akai","Moskov","Purify","Common","Thrill","Tenacity","Quantum Charge","8","0","5","104446","60842","12755","16558","15","0.72","Goldlane"
"Fnatic Onic","Geek Fam","Defeat","Kairi","Masha","Akai","Retribution","Tank","Inspire","Seasoned Hunter","Concussive Blast","2","3","1","22160","181382","0","7015","14","0.75","Jungler"
"Fnatic Onic","Geek Fam","Defeat","Sanz","Harith","Faramis","Flicker","Mage","Agility","Wilderness Blessing","Lethal Ignition","2","3","1","51066","101965","0","7541","13","0.75","Midlane"
"Fnatic Onic","Geek Fam","Defeat","Cw","Chip","Natan","Purify","Mage","Thrill","Bargain Hunter","Weakness Finder","0","3","3","72567","59104","5461","10622","15","0.75","Goldlane"
"Fnatic Onic","Geek Fam","Defeat","Kiboy","Valentina","Mathilda","Flicker","Support","Agility","Wilderness Blessing","Quantum Charge","0","0","3","18003","57983","276","6301","13","0.75","Roamer"
"Fnatic Onic","Geek Fam","Defeat","Lutpiii","Helcurt","Cici","Vengeance","Fighter","Thrill","Festival of Blood","Brave Smite","0","3","3","47836","130372","3546","8362","14","0.75","Explane"
"Geek Fam","Fnatic Onic","Victory","Reyy","Moskov","Fredrinn","Retribution","Tank","Inspire","Seasoned Hunter","Concussive Blast","3","1","9","39867","119526","1416","8865","15","1","Jungler"
"Geek Fam","Fnatic Onic","Victory","Luke","Luo Yi","Ruby","Flicker","Fighter","Firmness","Festival of Blood","Brave Smite","2","2","10","30441","119025","3327","8850","14","1","Explane"
"Geek Fam","Fnatic Onic","Victory","Aboy","Paquito","Novaria","Flicker","Mage","Rupture","Wilderness Blessing","Impure Rage","2","1","8","57765","29619","4939","9662","15","0.83","Midlane"
"Geek Fam","Fnatic Onic","Victory","Baloyskie","Ling","Floryn","Flicker","Support","Agility","Bargain Hunter","Focusing Mark","1","0","9","11673","34563","3058","7416","14","0.83","Roamer"
"Geek Fam","Fnatic Onic","Victory","Caderaa","Nolan","Claude","Sprint","Common","Agility","Master Assasin","Quantum Charge","4","0","7","85972","73377","28075","13076","15","0.92","Goldlane"
"Fnatic Onic","Geek Fam","Victory","Kairi","Floryn","Fanny","Retribution","Assasin","Swift","Seasoned Hunter","Lethal Ignition","8","0","6","45069","29054","7097","14254","15","0.67","Jungler"
"Fnatic Onic","Geek Fam","Victory","Sanz","Masha","Luo Yi","Flicker","Mage","Rupture","Wilderness Blessing","Lethal Ignition","6","3","12","84912","44413","2599","11028","15","0.86","Midlane"
"Fnatic Onic","Geek Fam","Victory","Cw","Chip","Karrie","Flicker","Common","Swift","Tenacity","Quantum Charge","6","0","6","68729","46087","14036","15388","15","0.57","Goldlane"
"Fnatic Onic","Geek Fam","Victory","Kiboy","Moskov","Ruby","Flicker","Tank","Firmness","Tenacity","Concussive Blast","1","4","15","25765","102078","1414","9721","15","0.76","Roamer"
"Fnatic Onic","Geek Fam","Victory","Lutpiii","Helcurt","Uranus","Purify","Common","Agility","Tenacity","Brave Smite","0","4","9","26417","227432","1477","10007","15","0.43","Explane"
"Geek Fam","Fnatic Onic","Defeat","Reyy","Harith","Barats","Retribution","Tank","Firmness","Seasoned Hunter","Concussive Blast","1","2","6","37786","113227","133","9871","15","0.64","Jungler"
"Geek Fam","Fnatic Onic","Defeat","Luke","Ling","Xborg","Flicker","Fighter","Vitality","Festival of Blood","Impure Rage","4","6","4","74407","124641","0","10784","15","0.73","Explane"
"Geek Fam","Fnatic Onic","Defeat","Aboy","Kaja","Novaria","Flicker","Mage","Rupture","Wilderness Blessing","Impure Rage","3","4","7","49270","38112","366","10807","15","0.91","Midlane"
"Geek Fam","Fnatic Onic","Defeat","Baloyskie","Fredrinn","Franco","Flicker","Support","Inspire","Wilderness Blessing","Focusing Mark","1","5","7","16785","90117","0","8267","15","0.73","Roamer"
"Geek Fam","Fnatic Onic","Defeat","Caderaa","Paquito","Claude","Purify","Common","Agility","Tenacity","Quantum Charge","2","4","5","51178","74434","1125","12600","15","0.64","Goldlane"
"Fnatic Onic","Geek Fam","Victory","Kairi","Helcurt","Baxia","Retribution","Tank","Firmness","Seasoned Hunter","Concussive Blast","3","0","5","20010","82772","0","8974","15","1","Jungler"
"Fnatic Onic","Geek Fam","Victory","Sanz","Chip","Pharsa","Purify","Mage","Rupture","Wilderness Blessing","Lethal Ignition","3","0","3","86867","21244","1883","10394","15","0.75","Midlane"
"Fnatic Onic","Geek Fam","Victory","Cw","Harith","Claude","Purify","Common","Agility","Tenacity","Quantum Charge","1","1","3","27845","48602","21497","12710","15","0.5","Goldlane"
"Fnatic Onic","Geek Fam","Victory","Kiboy","Masha","Edith","Flicker","Tank","Swift","Wilderness Blessing","Quantum Charge","1","3","5","20789","89495","696","7419","14","0.75","Roamer"
"Fnatic Onic","Geek Fam","Victory","Lutpiii","Fredrinn","Xborg","Flicker","Tank","Vitality","Festival of Blood","Impure Rage","0","0","7","54316","112594","1926","9049","15","0.88","Explane"
"Geek Fam","Fnatic Onic","Defeat","Reyy","Ling","Barats","Retribution","Tank","Thrill","Seasoned Hunter","Concussive Blast","1","2","2","29262","150733","944","7745","14","0.75","Jungler"
"Geek Fam","Fnatic Onic","Defeat","Luke","Fanny","Ruby","Flicker","Fighter","Firmness","Festival of Blood","Brave Smite","0","2","2","25187","104192","222","7252","14","0.5","Explane"
"Geek Fam","Fnatic Onic","Defeat","Aboy","Moskov","Faramis","Purify","Mage","Rupture","Wilderness Blessing","Quantum Charge","0","1","3","43228","96695","2300","7952","14","0.75","Midlane"
"Geek Fam","Fnatic Onic","Defeat","Baloyskie","Luo Yi","Floryn","Flicker","Support","Agility","Bargain Hunter","Focusing Mark","0","1","3","12284","32781","320","6765","14","0.75","Roamer"
"Geek Fam","Fnatic Onic","Defeat","Caderaa","Paquito","Natan","Purify","Mage","Thrill","Tenacity","Quantum Charge","3","2","0","75795","51060","8865","11868","15","0.75","Goldlane"
"Bigetron Alpha","Evos Glory","Defeat","Moreno","Xborg","Valentina","Flicker","Mage","Inspire","Wilderness Blessing","Impure Rage","0","2","5","34426","38638","285","6907","13","1","Midlane"
"Bigetron Alpha","Evos Glory","Defeat","Kyy","Nolan","Franco","Flicker","Support","Agility","Pull Yourself Together","Focusing Mark","0","4","4","10031","53819","0","5135","11","0.8","Roamer"
"Bigetron Alpha","Evos Glory","Defeat","Super Kenn","Luo Yi","Fredrinn","Retribution","Tank","Inspire","Seasoned Hunter","Concussive Blast","3","5","2","30307","102122","0","7206","14","1","Jungler"
"Bigetron Alpha","Evos Glory","Defeat","Emann","Moskov","Natan","Purify","Mage","Thrill","Bargain Hunter","Quantum Charge","1","2","3","53904","41207","3502","11096","15","0.8","Goldlane"
"Bigetron Alpha","Evos Glory","Defeat","Xorizo","Alpha","Cici","Purify","Fighter","Firmness","Festival of Blood","Brave Smite","1","4","4","39976","67613","2998","6966","13","1","Explane"
"Evos Glory","Bigetron Alpha","Victory","Clawkun","Angela","Novaria","Flicker","Mage","Rupture","Wilderness Blessing","Impure Rage","4","0","12","51141","7057","3425","9743","15","0.94","Midlane"
"Evos Glory","Bigetron Alpha","Victory","Fluffy","Kaja","Yu Zhong","Petrify","Fighter","Agility","Festival of Blood","Quantum Charge","1","1","11","34973","93874","699","9128","15","0.71","Explane"
"Evos Glory","Bigetron Alpha","Victory","Branz","Chip","Harith","Purify","Mage","Inspire","Bargain Hunter","Impure Rage","10","0","7","75721","33614","14995","12810","15","1","Goldlane"
"Evos Glory","Bigetron Alpha","Victory","Dreams","Paquito","Minotaur","Flicker","Tank","Inspire","Tenacity","Concussive Blast","1","2","13","22360","79755","724","7472","14","0.82","Roamer"
"Evos Glory","Bigetron Alpha","Victory","Anavel","Mathilda","Baxia","Retribution","Tank","Firmness","Seasoned Hunter","Concussive Blast","1","2","12","30709","146212","528","8360","15","0.76","Jungler"
"Bigetron Alpha","Evos Glory","Defeat","Moreno","Angela","Pharsa","Purify","Mage","Rupture","Wilderness Blessing","Lethal Ignition","0","2","6","42960","24770","0","6983","13","0.75","Midlane"
"Bigetron Alpha","Evos Glory","Defeat","Kyy","Xborg","Chip","Flicker","Tank","Inspire","Wilderness Blessing","Concussive Blast","0","6","6","32814","117822","0","5929","12","0.75","Roamer"
"Bigetron Alpha","Evos Glory","Defeat","Super Kenn","Carmilla","Roger","Retribution","Assasin","Thrill","Seasoned Hunter","Quantum Charge","4","4","4","37106","73533","4484","10505","15","1","Jungler"
"Bigetron Alpha","Evos Glory","Defeat","Emann","Luo Yi","Natan","Purify","Mage","Agility","Bargain Hunter","Quantum Charge","2","1","2","45247","33237","60","9501","15","0.5","Goldlane"
"Bigetron Alpha","Evos Glory","Defeat","Xorizo","Yu Zhong","Paquito","Sprint","Fighter","Agility","Festival of Blood","Quantum Charge","2","4","5","24123","72730","6007","8065","14","0.88","Explane"
"Evos Glory","Bigetron Alpha","Victory","Clawkun","Barats","Valentina","Flicker","Mage","Inspire","Wilderness Blessing","Impure Rage","1","1","9","36348","32526","2485","9038","15","0.59","Midlane"
"Evos Glory","Bigetron Alpha","Victory","Fluffy","Moskov","Terizla","Flicker","Fighter","Agility","Festival of Blood","Brave Smite","6","2","7","34994","92175","1323","9692","15","0.76","Explane"
"Evos Glory","Bigetron Alpha","Victory","Branz","Baxia","Claude","Purify","Common","Agility","Tenacity","Quantum Charge","5","0","6","39167","22768","24115","13253","15","0.65","Goldlane"
"Evos Glory","Bigetron Alpha","Victory","Dreams","Harith","Edith","Flicker","Tank","Swift","Tenacity","Quantum Charge","3","4","12","37426","80070","4157","9220","15","0.88","Roamer"
"Evos Glory","Bigetron Alpha","Victory","Anavel","Mathilda","Fredrinn","Retribution","Tank","Inspire","Seasoned Hunter","Concussive Blast","2","1","8","19028","94321","2217","9116","15","0.59","Jungler"
"Bigetron Alpha","Evos Glory","Victory","Moreno","Dyroth","Cecilion","Purify","Mage","Rupture","Wilderness Blessing","Impure Rage","9","1","9","86037","39250","3516","12196","15","0.9","Midlane"
"Bigetron Alpha","Evos Glory","Victory","Kyy","Xborg","Chip","Flicker","Tank","Inspire","Wilderness Blessing","Concussive Blast","1","3","16","42622","112275","960","8368","14","0.85","Roamer"
"Bigetron Alpha","Evos Glory","Victory","Super Kenn","Luo Yi","Baxia","Retribution","Tank","Firmness","Seasoned Hunter","Concussive Blast","1","4","10","25203","96747","0","8178","15","0.55","Jungler"
"Bigetron Alpha","Evos Glory","Victory","Emann","Valentina","Roger","Purify","Common","Thrill","Master Assasin","Quantum Charge","4","1","9","48870","86925","14188","13011","15","0.65","Goldlane"
"Bigetron Alpha","Evos Glory","Victory","Xorizo","Yu Zhong","Cici","Vengeance","Fighter","Firmness","Festival of Blood","Brave Smite","5","1","14","76184","132874","11298","11116","15","0.95","Explane"
"Evos Glory","Bigetron Alpha","Defeat","Clawkun","Gord","Novaria","Flicker","Mage","Rupture","Wilderness Blessing","Impure Rage","1","1","7","71601","22987","1266","9425","14","0.8","Midlane"
"Evos Glory","Bigetron Alpha","Defeat","Fluffy","Mathilda","Paquito","Flicker","Fighter","Agility","Festival of Blood","Quantum Charge","2","6","1","30495","116685","1112","8331","14","0.3","Explane"
"Evos Glory","Bigetron Alpha","Defeat","Branz","Harith","Claude","Aegis","Common","Agility","Tenacity","Quantum Charge","2","5","8","53535","89023","3145","10732","15","1","Goldlane"
"Evos Glory","Bigetron Alpha","Defeat","Dreams","Faramis","Carmilla","Purify","Tank","Vitality","Tenacity","Concussive Blast","2","1","6","22132","124489","0","7871","14","0.8","Roamer"
"Evos Glory","Bigetron Alpha","Defeat","Anavel","Moskov","Fredrinn","Retribution","Tank","Inspire","Seasoned Hunter","Concussive Blast","3","7","6","30542","181628","0","8588","14","0.9","Jungler"
"Bigetron Alpha","Evos Glory","Defeat","Moreno","Luo Yi","Cecilion","Purify","Mage","Rupture","Wilderness Blessing","Impure Rage","2","1","4","57252","21921","1320","8079","13","1","Midlane"
"Bigetron Alpha","Evos Glory","Defeat","Kyy","Novaria","Edith","Flicker","Tank","Swift","Tenacity","Quantum Charge","2","2","2","14798","45323","590","5493","11","0.67","Roamer"
"Bigetron Alpha","Evos Glory","Defeat","Super Kenn","Harith","Baxia","Retribution","Tank","Firmness","Seasoned Hunter","Concussive Blast","2","2","4","12354","46012","0","6626","13","1","Jungler"
"Bigetron Alpha","Evos Glory","Defeat","Emann","Xborg","Roger","Purify","Common","Thrill","Master Assasin","Quantum Charge","0","2","3","36501","39174","7503","9124","13","0.5","Goldlane"
"Bigetron Alpha","Evos Glory","Defeat","Xorizo","Minotaur","Terizla","Flicker","Fighter","Agility","Festival of Blood","Brave Smite","0","3","4","18170","54506","1960","6762","12","0.67","Explane"
"Evos Glory","Bigetron Alpha","Victory","Clawkun","Chip","Valentina","Flicker","Mage","Inspire","Wilderness Blessing","Impure Rage","0","0","9","33386","27854","3139","7693","13","0.9","Midlane"
"Evos Glory","Bigetron Alpha","Victory","Fluffy","Mathilda","Yu Zhong","Petrify","Fighter","Agility","Festival of Blood","Quantum Charge","3","1","5","19328","50130","616","8182","13","0.8","Explane"
"Evos Glory","Bigetron Alpha","Victory","Branz","Diggie","Moskov","Purify","Common","Swift","Tenacity","Quantum Charge","3","0","4","20187","23273","16454","9502","14","0.7","Goldlane"
"Evos Glory","Bigetron Alpha","Victory","Dreams","Cici","Tigreal","Flicker","Tank","Vitality","Tenacity","Concussive Blast","0","3","6","6252","67866","0","5660","11","0.6","Roamer"
"Evos Glory","Bigetron Alpha","Victory","Anavel","Angela","Alpha","Retribution","Fighter","Thrill","Seasoned Hunter","Quantum Charge","4","2","5","24939","60921","3100","9374","15","0.9","Jungler"
"Bigetron Alpha","Geek Fam","Defeat","Moreno","Minotaur","Valentina","Flicker","Mage","Rupture","Wilderness Blessing","Quantum Charge","0","4","7","39585","60079","1628","8139","14","0.78","Midlane"
"Bigetron Alpha","Geek Fam","Defeat","Kyy","Helcurt","Chip","Flicker","Tank","Firmness","Wilderness Blessing","Concussive Blast","1","6","5","37873","99514","0","7428","13","0.67","Roamer"
"Bigetron Alpha","Geek Fam","Defeat","Super Kenn","Novaria","Barats","Retribution","Tank","Thrill","Seasoned Hunter","Concussive Blast","0","3","5","33392","126795","0","9205","15","0.56","Jungler"
"Bigetron Alpha","Geek Fam","Defeat","Emann","Ruby","Karrie","Flicker","Common","Firmness","Tenacity","Quantum Charge","3","5","1","49342","69635","10025","10868","15","0.44","Goldlane"
"Bigetron Alpha","Geek Fam","Defeat","Xorizo","Xborg","Cici","Vengeance","Fighter","Firmness","Festival of Blood","Brave Smite","5","3","3","39393","98130","4723","9302","15","0.89","Explane"
"Geek Fam","Bigetron Alpha","Victory","Reyy","Mathilda","Fredrinn","Retribution","Tank","Inspire","Seasoned Hunter","Concussive Blast","2","1","17","29729","111585","3194","10151","15","0.9","Jungler"
"Geek Fam","Bigetron Alpha","Victory","Luke","Paquito","Masha","Flicker","Assasin","Thrill","Master Assasin","Lethal Ignition","7","2","6","50648","55992","2336","9991","15","0.62","Explane"
"Geek Fam","Bigetron Alpha","Victory","Aboy","Angela","Luo Yi","Flicker","Mage","Rupture","Wilderness Blessing","Lethal Ignition","7","2","13","78766","53140","2053","9700","15","0.95","Midlane"
"Geek Fam","Bigetron Alpha","Victory","Baloyskie","Ling","Kaja","Flicker","Support","Inspire","Wilderness Blessing","Quantum Charge","1","3","14","21622","81881","1296","8154","14","0.71","Roamer"
"Geek Fam","Bigetron Alpha","Victory","Caderaa","Harith","Moskov","Purify","Common","Thrill","Tenacity","Quantum Charge","4","1","13","52188","45930","16349","10967","15","0.81","Goldlane"
"Bigetron Alpha","Geek Fam","Defeat","Moreno","Helcurt","Luo Yi","Flicker","Mage","Inspire","Wilderness Blessing","Lethal Ignition","6","3","6","86298","44406","2163","9466","15","1","Midlane"
"Bigetron Alpha","Geek Fam","Defeat","Kyy","Novaria","Arlott","Flicker","Common","Thrill","Wilderness Blessing","Quantum Charge","1","8","4","26845","117890","0","6809","13","0.42","Roamer"
"Bigetron Alpha","Geek Fam","Defeat","Super Kenn","Chip","Barats","Retribution","Tank","Thrill","Seasoned Hunter","Concussive Blast","2","3","8","41573","133795","400","8750","15","0.83","Jungler"
"Bigetron Alpha","Geek Fam","Defeat","Emann","Valentina","Natan","Flicker","Mage","Thrill","Tenacity","Quantum Charge","1","2","5","46795","45257","11790","11142","15","0.5","Goldlane"
"Bigetron Alpha","Geek Fam","Defeat","Xorizo","Ruby","Esmeralda","Sprint","Support","Agility","Tenacity","Impure Rage","2","2","5","48702","140671","2138","10086","15","0.58","Explane"
"Geek Fam","Bigetron Alpha","Victory","Reyy","Harith","Fredrinn","Retribution","Tank","Inspire","Seasoned Hunter","Concussive Blast","1","0","16","34318","146998","774","10418","15","0.94","Jungler"
"Geek Fam","Bigetron Alpha","Victory","Luke","Mathilda","Masha","Flicker","Assasin","Thrill","Master Assasin","Lethal Ignition","4","4","4","38726","88361","86","9976","15","0.44","Explane"
"Geek Fam","Bigetron Alpha","Victory","Aboy","Xborg","Faramis","Purify","Mage","Rupture","Wilderness Blessing","Quantum Charge","5","3","9","49823","79641","1858","10523","15","0.78","Midlane"
"Geek Fam","Bigetron Alpha","Victory","Baloyskie","Angela","Kaja","Flicker","Support","Inspire","Wilderness Blessing","Quantum Charge","1","4","11","24049","101907","1490","8535","15","0.67","Roamer"
"Geek Fam","Bigetron Alpha","Victory","Caderaa","Paquito","Moskov","Purify","Common","Thrill","Tenacity","Quantum Charge","7","1","7","69112","51397","22997","13111","15","0.78","Goldlane"
"Bigetron Alpha","Geek Fam","Defeat","Moreno","Xborg","Novaria","Flicker","Mage","Rupture","Wilderness Blessing","Impure Rage","5","1","2","134853","22255","0","17392","15","1","Midlane"
"Bigetron Alpha","Geek Fam","Defeat","Kyy","Masha","Minotaur","Flicker","Tank","Firmness","Tenacity","Concussive Blast","0","6","3","17575","193739","0","11130","15","0.43","Roamer"
"Bigetron Alpha","Geek Fam","Defeat","Super Kenn","Luo Yi","Baxia","Retribution","Tank","Firmness","Seasoned Hunter","Concussive Blast","0","1","5","33251","245828","0","11620","15","0.71","Jungler"
"Bigetron Alpha","Geek Fam","Defeat","Emann","Helcurt","Moskov","Purify","Common","Thrill","Tenacity","Quantum Charge","1","2","6","97060","86398","0","22622","15","1","Goldlane"
"Bigetron Alpha","Geek Fam","Defeat","Xorizo","Yu Zhong","Arlott","Flicker","Common","Firmness","Wilderness Blessing","Brave Smite","1","5","4","27227","184231","0","11349","15","0.71","Explane"
"Geek Fam","Bigetron Alpha","Victory","Reyy","Paquito","Fredrinn","Retribution","Tank","Vitality","Seasoned Hunter","Concussive Blast","1","2","10","27860","157078","647","12865","15","0.73","Jungler"
"Geek Fam","Bigetron Alpha","Victory","Luke","Terizla","Lapu-Lapu","Flicker","Fighter","Rupture","Festival of Blood","Brave Smite","3","0","9","37500","152242","5366","15830","15","0.8","Explane"
"Geek Fam","Bigetron Alpha","Victory","Aboy","Angela","Faramis","Purify","Mage","Rupture","Wilderness Blessing","Quantum Charge","6","2","7","180741","114058","4010","18151","15","0.87","Midlane"
"Geek Fam","Bigetron Alpha","Victory","Baloyskie","Mathilda","Chip","Flicker","Tank","Inspire","Wilderness Blessing","Quantum Charge","1","2","12","44204","177644","114","12626","15","0.87","Roamer"
"Geek Fam","Bigetron Alpha","Victory","Caderaa","Harith","Claude","Purify","Common","Agility","Master Assasin","Quantum Charge","4","1","9","92707","89526","16264","19130","15","0.87","Goldlane"
"Fnatic Onic","Evos Glory","Victory","Kairi","Harith","Julian","Retribution","Mage","Swift","Seasoned Hunter","Impure Rage","8","2","6","35060","32752","8043","11014","15","0.78","Jungler"
"Fnatic Onic","Evos Glory","Victory","Sanz","Moskov","Valentina","Flicker","Mage","Inspire","Wilderness Blessing","Quantum Charge","3","1","13","39639","41225","1033","8927","15","0.89","Midlane"
"Fnatic Onic","Evos Glory","Victory","Cw","Fredrinn","Roger","Purify","Assasin","Thrill","Master Assasin","Quantum Charge","3","0","9","35135","24747","24207","11788","15","0.67","Goldlane"
"Fnatic Onic","Evos Glory","Victory","Kiboy","Terizla","Grock","Flicker","Tank","Firmness","Wilderness Blessing","Concussive Blast","2","1","13","15836","86721","525","7486","13","0.83","Roamer"
"Fnatic Onic","Evos Glory","Victory","Lutpiii","Xborg","Thamuz","Vengeance","Fighter","Thrill","Festival of Blood","Brave Smite","2","1","13","33069","92817","1206","9085","14","0.83","Explane"
"Evos Glory","Fnatic Onic","Defeat","Clawkun","Novaria","Luo Yi","Flicker","Mage","Rupture","Wilderness Blessing","Lethal Ignition","0","3","5","37360","33690","0","6198","12","1","Midlane"
"Evos Glory","Fnatic Onic","Defeat","Fluffy","Ling","Barats","Flicker","Common","Agility","Tenacity","Brave Smite","0","6","3","22436","85475","0","6476","12","0.6","Explane"
"Evos Glory","Fnatic Onic","Defeat","Branz","Chip","Claude","Purify","Common","Agility","Tenacity","Quantum Charge","1","1","1","39029","30603","2929","10387","15","0.4","Goldlane"
"Evos Glory","Fnatic Onic","Defeat","Dreams","Fanny","Edith","Flicker","Tank","Swift","Tenacity","Quantum Charge","1","4","3","19042","68891","0","6087","11","0.8","Roamer"
"Evos Glory","Fnatic Onic","Defeat","Anavel","Kadita","Alpha","Retribution","Fighter","Thrill","Seasoned Hunter","Quantum Charge","3","4","0","22821","57355","0","8615","15","0.6","Jungler"
"Fnatic Onic","Evos Glory","Victory","Kairi","Fredrinn","Baxia","Retribution","Tank","Firmness","Seasoned Hunter","Concussive Blast","3","1","8","33863","102298","0","7736","15","0.79","Jungler"
"Fnatic Onic","Evos Glory","Victory","Sanz","Moskov","Kadita","Petrify","Mage","Rupture","Pull Yourself Together","Lethal Ignition","3","1","9","32190","35459","2456","6809","12","0.86","Midlane"
"Fnatic Onic","Evos Glory","Victory","Cw","Harith","Roger","Purify","Assasin","Thrill","Master Assasin","Quantum Charge","6","1","5","58540","46538","14153","11914","15","0.79","Goldlane"
"Fnatic Onic","Evos Glory","Victory","Kiboy","Alpha","Ruby","Flicker","Tank","Vitality","Tenacity","Concussive Blast","0","2","12","18949","64048","795","6831","13","0.86","Roamer"
"Fnatic Onic","Evos Glory","Victory","Lutpiii","Xborg","Paquito","Flicker","Fighter","Rupture","Festival of Blood","Quantum Charge","2","0","3","18430","32568","3342","9004","14","0.36","Explane"
"Evos Glory","Fnatic Onic","Defeat","Clawkun","Chip","Valentina","Purify","Mage","Inspire","Wilderness Blessing","Impure Rage","1","2","1","31880","35018","0","6391","12","0.4","Midlane"
"Evos Glory","Fnatic Onic","Defeat","Fluffy","Luo Yi","Terizla","Flicker","Fighter","Agility","Festival of Blood","Brave Smite","1","3","3","26044","75895","0","6595","12","0.8","Explane"
"Evos Glory","Fnatic Onic","Defeat","Branz","Ling","Claude","Purify","Common","Agility","Tenacity","Quantum Charge","1","2","2","24800","41819","3804","9469","14","0.6","Goldlane"
"Evos Glory","Fnatic Onic","Defeat","Dreams","Thamuz","Edith","Flicker","Tank","Swift","Tenacity","Quantum Charge","1","4","1","17570","46934","0","5858","12","0.4","Roamer"
"Evos Glory","Fnatic Onic","Defeat","Anavel","Cici","Akai","Retribution","Tank","Firmness","Seasoned Hunter","Concussive Blast","1","3","2","12412","117648","0","6132","12","0.6","Jungler"
"Fnatic Onic","Evos Glory","Victory","Kairi","Terizla","Julian","Retribution","Mage","Swift","Seasoned Hunter","Impure Rage","6","0","4","39252","20651","11382","9190","15","0.71","Jungler"
"Fnatic Onic","Evos Glory","Victory","Sanz","Luo Yi","Angela","Purify","Mage","Inspire","Bargain Hunter","Impure Rage","2","2","8","18482","22887","308","6547","11","0.71","Midlane"
"Fnatic Onic","Evos Glory","Victory","Cw","Xborg","Claude","Purify","Common","Agility","Tenacity","Quantum Charge","2","0","5","27432","21361","18849","9479","13","0.5","Goldlane"
"Fnatic Onic","Evos Glory","Victory","Kiboy","Valentina","Edith","Flicker","Tank","Firmness","Tenacity","Quantum Charge","1","3","9","16316","54152","542","5897","11","0.71","Roamer"
"Fnatic Onic","Evos Glory","Victory","Lutpiii","Alpha","Cici","Vengeance","Fighter","Thrill","Festival of Blood","Brave Smite","3","0","7","39394","62917","6842","7577","13","0.71","Explane"
"Evos Glory","Fnatic Onic","Defeat","Clawkun","Baxia","Nana","Flicker","Mage","Rupture","Wilderness Blessing","Impure Rage","2","3","3","27694","27113","0","5000","10","1","Midlane"
"Evos Glory","Fnatic Onic","Defeat","Fluffy","Harith","Ruby","Flicker","Fighter","Agility","Festival of Blood","Brave Smite","2","2","3","24680","52839","0","4818","10","1","Explane"
"Evos Glory","Fnatic Onic","Defeat","Branz","Fredrinn","Roger","Purify","Assasin","Thrill","Master Assasin","Quantum Charge","0","3","2","20490","42673","0","5945","10","0.4","Goldlane"
"Evos Glory","Fnatic Onic","Defeat","Dreams","Moskov","Tigreal","Flicker","Tank","Vitality","Tenacity","Concussive Blast","0","4","4","11115","76844","0","4334","9","0.8","Roamer"
"Evos Glory","Fnatic Onic","Defeat","Anavel","Chip","Ling","Retribution","Assasin","Fatal","Seasoned Hunter","Weakness Finder","1","2","2","21532","28760","0","6440","13","0.6","Jungler"
"Evos Glory","Geek Fam","Defeat","Clawkun","Floryn","Novaria","Flicker","Mage","Rupture","Wilderness Blessing","Impure Rage","0","3","4","50526","20613","0","9839","15","0.57","Midlane"
"Evos Glory","Geek Fam","Defeat","Fluffy","Chip","Esmeralda","Purify","Support","Agility","Tenacity","Impure Rage","2","5","1","45427","119718","296","11954","15","0.43","Explane"
"Evos Glory","Geek Fam","Defeat","Branz","Harith","Roger","Purify","Assasin","Thrill","Master Assasin","Quantum Charge","2","2","1","48160","57755","0","13315","15","0.43","Goldlane"
"Evos Glory","Geek Fam","Defeat","Dreams","Kaja","Ruby","Flicker","Tank","Firmness","Wilderness Blessing","Concussive Blast","0","5","5","24232","91100","0","8117","15","0.71","Roamer"
"Evos Glory","Geek Fam","Defeat","Anavel","Helcurt","Baxia","Retribution","Tank","Firmness","Seasoned Hunter","Concussive Blast","3","6","1","33193","171421","0","8588","15","0.57","Jungler"
"Geek Fam","Evos Glory","Victory","Reyy","Xborg","Fredrinn","Retribution","Tank","Inspire","Seasoned Hunter","Concussive Blast","4","0","10","24088","100575","2757","12223","15","0.67","Jungler"
"Geek Fam","Evos Glory","Victory","Luke","Minotaur","Masha","Flicker","Assasin","Thrill","Master Assasin","Lethal Ignition","7","2","1","42852","50249","2996","12712","15","0.38","Explane"
"Geek Fam","Evos Glory","Victory","Aboy","Angela","Luo Yi","Flicker","Mage","Rupture","Wilderness Blessing","Lethal Ignition","5","1","13","69479","39160","2716","11752","15","0.86","Midlane"
"Geek Fam","Evos Glory","Victory","Baloyskie","Moskov","Edith","Flicker","Tank","Agility","Tenacity","Brave Smite","2","3","15","35313","116451","3840","10635","15","0.81","Roamer"
"Geek Fam","Evos Glory","Victory","Caderaa","Tigreal","Claude","Purify","Common","Agility","Master Assasin","Quantum Charge","3","1","8","47573","55014","28812","15279","15","0.52","Goldlane"
"Evos Glory","Geek Fam","Victory","Clawkun","Masha","Valentina","Flicker","Mage","Inspire","Wilderness Blessing","Impure Rage","2","1","10","51160","62709","808","9301","15","0.8","Midlane"
"Evos Glory","Geek Fam","Victory","Fluffy","Ruby","Xborg","Flicker","Tank","Agility","Festival of Blood","Impure Rage","0","0","12","30470","83352","3098","9966","15","0.8","Explane"
"Evos Glory","Geek Fam","Victory","Branz","Luo Yi","Roger","Purify","Assasin","Thrill","Master Assasin","Quantum Charge","3","0","4","34033","36957","21771","12182","15","0.47","Goldlane"
"Evos Glory","Geek Fam","Victory","Dreams","Floryn","Chip","Purify","Tank","Vitality","Wilderness Blessing","Concussive Blast","3","0","5","26888","53273","292","7469","14","0.53","Roamer"
"Evos Glory","Geek Fam","Victory","Anavel","Helcurt","Lancelot","Retribution","Assasin","Thrill","Seasoned Hunter","Quantum Charge","7","1","7","62353","28342","7531","13855","15","0.93","Jungler"
"Geek Fam","Evos Glory","Defeat","Reyy","Harith","Fredrinn","Retribution","Tank","Inspire","Seasoned Hunter","Concussive Blast","0","3","1","16350","81097","0","6507","13","0.5","Jungler"
"Geek Fam","Evos Glory","Defeat","Luke","Nolan","Yu Zhong","Petrify","Fighter","Rupture","Festival of Blood","Quantum Charge","0","5","0","23889","60481","0","7740","13","0","Explane"
"Geek Fam","Evos Glory","Defeat","Aboy","Moskov","Faramis","Flicker","Mage","Rupture","Wilderness Blessing","Quantum Charge","1","2","0","40496","63606","0","8160","14","0.5","Midlane"
"Geek Fam","Evos Glory","Defeat","Baloyskie","Ling","Minotaur","Flicker","Tank","Firmness","Pull Yourself Together","Concussive Blast","1","3","1","7422","72987","0","6511","12","1","Roamer"
"Geek Fam","Evos Glory","Defeat","Caderaa","Angela","Claude","Sprint","Common","Agility","Master Assasin","Quantum Charge","0","2","1","39649","42001","116","10365","14","0.5","Goldlane"
"Evos Glory","Geek Fam","Defeat","Clawkun","Edith","Vexana","Flicker","Mage","Rupture","Wilderness Blessing","Impure Rage","0","3","9","46961","28580","0","8752","15","0.9","Midlane"
"Evos Glory","Geek Fam","Defeat","Fluffy","Chip","Masha","Flicker","Assasin","Thrill","Master Assasin","Lethal Ignition","5","4","4","34123","87561","2005","9664","15","0.9","Explane"
"Evos Glory","Geek Fam","Defeat","Branz","Harith","Roger","Purify","Assasin","Thrill","Master Assasin","Quantum Charge","2","1","3","38006","55145","823","13216","15","0.5","Goldlane"
"Evos Glory","Geek Fam","Defeat","Dreams","Floryn","Tigreal","Flicker","Tank","Vitality","Tenacity","Concussive Blast","0","4","5","9035","122107","0","7343","14","0.5","Roamer"
"Evos Glory","Geek Fam","Defeat","Anavel","Helcurt","Alpha","Retribution","Fighter","Thrill","Seasoned Hunter","Quantum Charge","3","4","4","36051","74416","0","10717","15","0.7","Jungler"
"Geek Fam","Evos Glory","Victory","Reyy","Xborg","Fredrinn","Retribution","Tank","Inspire","Seasoned Hunter","Concussive Blast","3","1","9","18072","72594","5295","11002","15","0.75","Jungler"
"Geek Fam","Evos Glory","Victory","Luke","Moskov","Lapu-Lapu","Flicker","Fighter","Rupture","Festival of Blood","Brave Smite","4","4","7","35385","84426","3508","10735","15","0.69","Explane"
"Geek Fam","Evos Glory","Victory","Aboy","Novaria","Luo Yi","Purify","Mage","Rupture","Wilderness Blessing","Lethal Ignition","7","2","9","85583","49986","1140","11682","15","1","Midlane"
"Geek Fam","Evos Glory","Victory","Baloyskie","Angela","Ruby","Flicker","Tank","Firmness","Pull Yourself Together","Concussive Blast","0","3","13","18013","75562","164","8571","15","0.81","Roamer"
"Geek Fam","Evos Glory","Victory","Caderaa","Valentina","Claude","Purify","Common","Agility","Master Assasin","Quantum Charge","2","0","9","75092","32206","19197","14032","15","0.69","Goldlane"
"Evos Glory","Geek Fam","Victory","Clawkun","Masha","Novaria","Flicker","Mage","Rupture","Wilderness Blessing","Impure Rage","8","1","9","74072","16256","1503","13506","15","0.95","Midlane"
"Evos Glory","Geek Fam","Victory","Fluffy","Kaja","Yu Zhong","Petrify","Fighter","Agility","Festival of Blood","Quantum Charge","6","5","6","40279","116771","666","12427","15","0.67","Explane"
"Evos Glory","Geek Fam","Victory","Branz","Helcurt","Moskov","Purify","Common","Swift","Tenacity","Quantum Charge","3","2","12","69581","80884","10758","16953","15","0.83","Goldlane"
"Evos Glory","Geek Fam","Victory","Dreams","Floryn","Minotaur","Flicker","Tank","Firmness","Tenacity","Concussive Blast","0","3","12","20710","135629","0","9750","15","0.67","Roamer"
"Evos Glory","Geek Fam","Victory","Anavel","Chip","Fredrinn","Retribution","Tank","Inspire","Seasoned Hunter","Concussive Blast","1","3","10","33684","179690","1388","10568","15","0.61","Jungler"
"Geek Fam","Evos Glory","Defeat","Reyy","Xborg","Ling","Retribution","Assasin","Fatal","Seasoned Hunter","Quantum Charge","5","4","7","44202","57347","2410","16335","15","0.86","Jungler"
"Geek Fam","Evos Glory","Defeat","Luke","Harith","Barats","Flicker","Common","Agility","Tenacity","Brave Smite","1","5","7","32282","164827","0","10272","15","0.57","Explane"
"Geek Fam","Evos Glory","Defeat","Aboy","Valentina","Luo Yi","Purify","Mage","Rupture","Wilderness Blessing","Lethal Ignition","4","3","8","79455","79887","0","10861","15","0.86","Midlane"
"Geek Fam","Evos Glory","Defeat","Baloyskie","Angela","Ruby","Flicker","Tank","Firmness","Pull Yourself Together","Concussive Blast","2","5","3","15317","103851","806","7897","15","0.36","Roamer"
"Geek Fam","Evos Glory","Defeat","Caderaa","Tigreal","Claude","Purify","Common","Agility","Master Assasin","Quantum Charge","2","1","9","106078","87949","10172","13759","15","0.79","Goldlane"
"Evos Glory","Geek Fam","Victory","Clawkun","Natan","Novaria","Purify","Mage","Rupture","Wilderness Blessing","Impure Rage","1","0","13","144530","28325","393","17907","15","0.78","Midlane"
"Evos Glory","Geek Fam","Victory","Fluffy","Ruby","Terizla","Flicker","Fighter","Agility","Festival of Blood","Brave Smite","1","5","7","62507","280704","506","14630","15","0.44","Explane"
"Evos Glory","Geek Fam","Victory","Branz","Karrie","Claude","Purify","Common","Agility","Tenacity","Quantum Charge","10","2","4","101384","67483","11982","22524","15","0.78","Goldlane"
"Evos Glory","Geek Fam","Victory","Dreams","Harith","Chip","Purify","Tank","Vitality","Tenacity","Concussive Blast","0","6","12","50114","204203","155","13957","15","0.67","Roamer"
"Evos Glory","Geek Fam","Victory","Anavel","Masha","Nolan","Retribution","Assasin","Rupture","Seasoned Hunter","Lethal Ignition","6","4","8","57555","60523","11395","22040","15","0.78","Jungler"
"Geek Fam","Evos Glory","Defeat","Reyy","Moskov","Fredrinn","Retribution","Tank","Inspire","Seasoned Hunter","Concussive Blast","2","2","12","39194","299876","1115","15931","15","0.82","Jungler"
"Geek Fam","Evos Glory","Defeat","Luke","Valentina","Chou","Flicker","Tank","Thrill","Wilderness Blessing","Concussive Blast","0","6","10","23140","224960","0","16029","15","0.59","Explane"
"Geek Fam","Evos Glory","Defeat","Aboy","Angela","Luo Yi","Flicker","Mage","Rupture","Wilderness Blessing","Lethal Ignition","3","3","11","91743","106017","4455","17191","15","0.82","Midlane"
"Geek Fam","Evos Glory","Defeat","Baloyskie","Xborg","Helcurt","Execute","Assasin","Rupture","Master Assasin","Lethal Ignition","3","6","6","46823","83589","6977","18685","15","0.53","Roamer"
"Geek Fam","Evos Glory","Defeat","Caderaa","Ling","Roger","Flicker","Assasin","Thrill","Master Assasin","Quantum Charge","9","1","6","119248","143804","9350","24039","15","0.88","Goldlane"
"Fnatic Onic","Evos Glory","Victory","Kairi","Moskov","Fredrinn","Retribution","Tank","Thrill","Seasoned Hunter","Concussive Blast","2","3","2","29620","169518","2970","9710","15","0.61","Jungler"
"Fnatic Onic","Evos Glory","Victory","Sanz","Nolan","Pharsa","Flicker","Mage","Rupture","Wilderness Blessing","Lethal Ignition","3","1","5","86870","21250","1890","10404","15","0.72","Midlane"
"Fnatic Onic","Evos Glory","Victory","Cw","Chip","Claude","Purify","Common","Agility","Tenacity","Quantum Charge","3","0","1","27900","48650","21500","13110","15","0.78","Goldlane"
"Fnatic Onic","Evos Glory","Victory","Kiboy","Harith","Ruby","Flicker","Tank","Vitality","Wilderness Blessing","Concussive Blast","0","5","3","18745","86955","0","6690","13","0.78","Roamer"
"Fnatic Onic","Evos Glory","Victory","Lutpiii","Alpha","Paquito","Flicker","Fighter","Rupture","Festival of Blood","Quantum Charge","0","2","4","47630","50125","10540","13200","15","0.61","Explane"
"Evos Glory","Fnatic Onic","Defeat","Clawkun","Luo Yi","Valentina","Flicker","Mage","Inspire","Wilderness Blessing","Impure Rage","2","1","9","39550","60045","1595","8113","15","0.89","Midlane"
"Evos Glory","Fnatic Onic","Defeat","Fluffy","Angela","Terizla","Flicker","Fighter","Agility","Festival of Blood","Brave Smite","7","2","3","32987","150563","0","7018","14","0.56","Explane"
"Evos Glory","Fnatic Onic","Defeat","Branz","Arlott","Roger","Purify","Assasin","Thrill","Master Assasin","Quantum Charge","2","1","3","66735","47353","13499","15129","15","0.67","Goldlane"
"Evos Glory","Fnatic Onic","Defeat","Dreams","Kadita","Minotaur","Flicker","Tank","Vitality","Tenacity","Concussive Blast","0","2","8","8422","73050","150","7511","14","0.78","Roamer"
"Evos Glory","Fnatic Onic","Defeat","Anavel","Cici","Lancelot","Retribution","Assasin","Thrill","Seasoned Hunter","Quantum Charge","0","2","7","62453","29342","8531","14855","15","0.67","Jungler"
"Fnatic Onic","Evos Glory","Victory","Kairi","Harith","Fanny","Retribution","Assasin","Swift","Seasoned Hunter","Lethal Ignition","3","2","8","47833","44787","5302","14518","15","0.61","Jungler"
"Fnatic Onic","Evos Glory","Victory","Sanz","Chip","Pharsa","Flicker","Mage","Rupture","Wilderness Blessing","Lethal Ignition","3","1","10","58882","26741","807","11259","15","0.72","Midlane"
"Fnatic Onic","Evos Glory","Victory","Cw","Tigreal","Roger","Purify","Assasin","Thrill","Master Assasin","Quantum Charge","7","0","7","55005","43991","21035","15939","15","0.78","Goldlane"
"Fnatic Onic","Evos Glory","Victory","Kiboy","Grock","Edith","Flicker","Tank","Vitality","Tenacity","Quantum Charge","3","2","11","37189","120603","2127","9619","15","0.78","Roamer"
"Fnatic Onic","Evos Glory","Victory","Lutpiii","Moskov","Barats","Flicker","Common","Agility","Tenacity","Brave Smite","2","4","9","25177","167323","887","10111","15","0.61","Explane"
"Evos Glory","Fnatic Onic","Defeat","Clawkun","Thamuz","Valentina","Purify","Mage","Agility","Tenacity","Impure Rage","3","3","5","68502","74401","1912","10421","15","0.89","Midlane"
"Evos Glory","Fnatic Onic","Defeat","Fluffy","Kadita","Terizla","Flicker","Fighter","Agility","Festival of Blood","Brave Smite","3","5","2","25947","151172","300","9466","15","0.56","Explane"
"Evos Glory","Fnatic Onic","Defeat","Branz","Cici","Karrie","Purify","Common","Firmness","Tenacity","Quantum Charge","1","2","5","68303","55279","6655","13612","15","0.67","Goldlane"
"Evos Glory","Fnatic Onic","Defeat","Dreams","Angela","Ruby","Flicker","Tank","Vitality","Tenacity","Concussive Blast","0","4","7","11998","94651","0","8942","15","0.78","Roamer"
"Evos Glory","Fnatic Onic","Defeat","Anavel","Luo Yi","Nolan","Retribution","Assasin","Rupture","Seasoned Hunter","Lethal Ignition","2","4","4","22289","47659","4838","14344","15","0.67","Jungler"
"Fnatic Onic","Evos Glory","Victory","Kairi","Harith","Fredrinn","Retribution","Tank","Thrill","Seasoned Hunter","Concussive Blast","1","4","11","41341","162003","531","12613","15","0.63","Jungler"
"Fnatic Onic","Evos Glory","Victory","Sanz","Moskov","Pharsa","Flicker","Mage","Rupture","Wilderness Blessing","Lethal Ignition","1","1","12","80669","42881","1779","13585","15","0.68","Midlane"
"Fnatic Onic","Evos Glory","Victory","Cw","Lancelot","Roger","Flicker","Assasin","Thrill","Master Assasin","Quantum Charge","8","0","5","93527","69266","7404","17860","15","0.68","Goldlane"
"Fnatic Onic","Evos Glory","Victory","Kiboy","Chip","Arlott","Flicker","Common","Thrill","Wilderness Blessing","Quantum Charge","0","4","11","35814","117185","1560","11879","15","0.58","Roamer"
"Fnatic Onic","Evos Glory","Victory","Lutpiii","Nolan","Masha","Flicker","Assasin","Thrill","Weapons Master","Lethal Ignition","9","2","2","71355","63950","7498","15683","15","0.58","Explane"
"Evos Glory","Fnatic Onic","Defeat","Clawkun","Kadita","Valentina","Flicker","Mage","Inspire","Wilderness Blessing","Impure Rage","4","5","5","73512","78733","1854","12192","15","0.82","Midlane"
"Evos Glory","Fnatic Onic","Defeat","Fluffy","Angela","Terizla","Flicker","Fighter","Agility","Festival of Blood","Brave Smite","1","5","7","39615","223498","0","9855","15","0.73","Explane"
"Evos Glory","Fnatic Onic","Defeat","Branz","Thamuz","Karrie","Purify","Common","Firmness","Master Assasin","Quantum Charge","0","3","7","67364","80645","0","14925","15","0.64","Goldlane"
"Evos Glory","Fnatic Onic","Defeat","Dreams","Luo Yi","Minotaur","Flicker","Tank","Vitality","Tenacity","Concussive Blast","1","4","6","16780","180854","0","9586","15","0.64","Roamer"
"Evos Glory","Fnatic Onic","Defeat","Anavel","Cici","Ling","Retribution","Assasin","Fatal","Seasoned Hunter","Quantum Charge","5","2","4","49951","71724","2140","16994","15","0.82","Jungler"
"Fnatic Onic","Evos Glory","Defeat","Kairi","Nolan","Ling","Retribution","Assasin","Fatal","Seasoned Hunter","Quantum Charge","1","4","4","27774","51925","0","11250","15","1","Jungler"
"Fnatic Onic","Evos Glory","Defeat","Sanz","Alpha","Angela","Flicker","Mage","Inspire","Bargain Hunter","Impure Rage","1","1","4","33579","23055","0","7992","14","1","Midlane"
"Fnatic Onic","Evos Glory","Defeat","Cw","Xborg","Cici","Vengeance","Support","Thrill","Festival of Blood","Quantum Charge","1","3","2","52207","85932","0","9144","15","0.6","Goldlane"
"Fnatic Onic","Evos Glory","Defeat","Kiboy","Moskov","Ruby","Flicker","Tank","Firmness","Tenacity","Concussive Blast","0","3","4","18743","86952","0","6683","13","0.8","Roamer"
"Fnatic Onic","Evos Glory","Defeat","Lutpiii","Valentina","Terizla","Flicker","Fighter","Rupture","Festival of Blood","Brave Smite","2","6","2","32985","150563","0","7018","13","0.8","Explane"
"Evos Glory","Fnatic Onic","Victory","Clawkun","Edith","Faramis","Purify","Mage","Agility","Wilderness Blessing","Lethal Ignition","2","1","12","65938","57691","2080","10496","15","0.82","Midlane"
"Evos Glory","Fnatic Onic","Victory","Fluffy","Harith","Paquito","Flicker","Fighter","Agility","Festival of Blood","Quantum Charge","5","0","7","47628","50121","10536","13196","15","0.71","Explane"
"Evos Glory","Fnatic Onic","Victory","Branz","Tigreal","Roger","Purify","Assasin","Thrill","Master Assasin","Quantum Charge","8","0","5","66733","47350","13496","15127","15","0.76","Goldlane"
"Evos Glory","Fnatic Onic","Victory","Dreams","Chip","Franco","Flicker","Support","Agility","Pull Yourself Together","Focusing Mark","0","2","10","10605","54415","157","7913","15","0.59","Roamer"
"Evos Glory","Fnatic Onic","Victory","Anavel","Kadita","Fredrinn","Retribution","Tank","Inspire","Seasoned Hunter","Concussive Blast","2","2","8","29618","169516","2968","9705","15","0.59","Jungler"
"Fnatic Onic","Evos Glory","Defeat","Kairi","Harith","Nolan","Retribution","Assasin","Thrill","Seasoned Hunter","Impure Rage","0","1","1","60722","36064","8155","15967","15","1","Jungler"
"Fnatic Onic","Evos Glory","Defeat","Sanz","Natan","Valentina","Flicker","Mage","Rupture","Wilderness Blessing","Quantum Charge","0","2","0","65437","50191","368","11998","15","0","Midlane"
"Fnatic Onic","Evos Glory","Defeat","Cw","Karrie","Roger","Flicker","Assasin","Thrill","Master Assasin","Quantum Charge","1","1","0","51062","29507","10245","15009","15","1","Goldlane"
"Fnatic Onic","Evos Glory","Defeat","Kiboy","Chip","Grock","Flicker","Tank","Firmness","Wilderness Blessing","Concussive Blast","0","3","1","25812","185348","0","9303","15","1","Roamer"
"Fnatic Onic","Evos Glory","Defeat","Lutpiii","Moskov","Uranus","Purify","Common","Agility","Tenacity","Brave Smite","0","4","0","57609","225100","0","9786","15","0","Explane"
"Evos Glory","Fnatic Onic","Victory","Clawkun","Fanny","Faramis","Purify","Mage","Agility","Wilderness Blessing","Lethal Ignition","1","1","9","52270","58327","526","10569","15","0.91","Midlane"
"Evos Glory","Fnatic Onic","Victory","Fluffy","Luo Yi","Xborg","Flicker","Tank","Agility","Festival of Blood","Impure Rage","3","0","6","101879","158483","7104","15039","15","0.82","Explane"
"Evos Glory","Fnatic Onic","Victory","Branz","Julian","Beatrix","Flicker","Assasin","Thrill","Master Assasin","Quantum Charge","4","0","5","70511","39971","6201","16684","15","0.82","Goldlane"
"Evos Glory","Fnatic Onic","Victory","Dreams","Angela","Franco","Flicker","Support","Agility","Pull Yourself Together","Focusing Mark","2","0","8","14962","80277","162","10843","15","0.91","Roamer"
"Evos Glory","Fnatic Onic","Victory","Anavel","Kadita","Fredrinn","Retribution","Tank","Inspire","Seasoned Hunter","Concussive Blast","1","0","9","34586","162557","1072","11091","15","0.91","Jungler"
"Fnatic Onic","Evos Glory","Victory","Kairi","Moskov","Baxia","Retribution","Tank","Firmness","Seasoned Hunter","Concussive Blast","2","1","3","21407","98864","171","9136","15","0.61","Jungler"
"Fnatic Onic","Evos Glory","Victory","Sanz","Minotaur","Gord","Flicker","Mage","Rupture","Wilderness Blessing","Impure Rage","0","1","6","60048","16215","1133","9852","15","0.72","Midlane"
"Fnatic Onic","Evos Glory","Victory","Cw","Franco","Claude","Sprint","Common","Agility","Tenacity","Quantum Charge","1","0","5","51961","54612","20172","12667","15","0.78","Goldlane"
"Fnatic Onic","Evos Glory","Victory","Kiboy","Chip","Angela","Flicker","Support","Agility","Bargain Hunter","Focusing Mark","0","0","8","21686","10843","3179","8612","15","0.78","Roamer"
"Fnatic Onic","Evos Glory","Victory","Lutpiii","Harith","Cici","Vengeance","Fighter","Thrill","Festival of Blood","Brave Smite","7","0","2","56389","90681","7956","11716","15","0.61","Explane"
"Evos Glory","Fnatic Onic","Defeat","Clawkun","Julian","Valentina","Flicker","Mage","Rupture","Wilderness Blessing","Impure Rage","2","1","0","36262","48107","0","7650","14","0.89","Midlane"
"Evos Glory","Fnatic Onic","Defeat","Fluffy","Kadita","Xborg","Flicker","Tank","Agility","Festival of Blood","Impure Rage","0","1","1","35298","83903","1755","8594","14","0.56","Explane"
"Evos Glory","Fnatic Onic","Defeat","Branz","Edith","Karrie","Flicker","Common","Swift","Master Assasin","Quantum Charge","0","2","1","35109","41137","2838","9490","14","0.67","Goldlane"
"Evos Glory","Fnatic Onic","Defeat","Dreams","Pharsa","Kaja","Flicker","Support","Agility","Pull Yourself Together","Focusing Mark","0","4","0","12479","74241","0","6354","13","0.78","Roamer"
"Evos Glory","Fnatic Onic","Defeat","Anavel","Luo Yi","Fredrinn","Retribution","Tank","Inspire","Seasoned Hunter","Concussive Blast","0","2","0","9987","100321","0","6583","13","0.67","Jungler"
